date,title,url,,,,,,,
,,,,,,,,,
29-03-2019,The Benefits of Code Reviews,https://www.rithmschool.com/blog/benefits-of-code-reviews,,,,,,,
,,,,,,,,,
07-03-2019,Three More JavaScript Mistakes That Beginners Make,https://www.rithmschool.com/blog/three-more-js-mistakes-that-beginners-make,,,,,,,
,,,,,,,,,
12-02-2019,Alumni Spotlight: Miranda Howitt,https://www.rithmschool.com/blog/alumni-spotlight-miranda,,,,,,,
,,,,,,,,,
06-02-2019,Alumni Spotlight: Kristen Lingwood,https://www.rithmschool.com/blog/alumni-spotlight-kristen,,,,,,,
,,,,,,,,,
30-01-2019,Alumni Spotlight: Tyler Ketron,https://www.rithmschool.com/blog/alumni-spotlight-tyler,,,,,,,
,,,,,,,,,
09-01-2019,Avoiding Burnout,https://www.rithmschool.com/blog/avoiding-burnout,,,,,,,
,,,,,,,,,
18-12-2018,Student Interview: Sarah + Zac on Company Projects,https://www.rithmschool.com/blog/student-interview-sarah-zac,,,,,,,
,,,,,,,,,
11-12-2018,A New Tuition Option: We Make Money Only When You Do,https://www.rithmschool.com/blog/new-tuition-option,,,,,,,
,,,,,,,,,
06-12-2018,MongoDB is Easy,https://www.rithmschool.com/blog/mongodb-is-easy,,,,,,,
,,,,,,,,,
14-11-2018,Meet The Instructor: Alissa Renz,https://www.rithmschool.com/blog/meet-the-instructor-alissa-renz,,,,,,,
,,,,,,,,,
,,,,,,,,,
